{
  "best_val_loss": 4.125881385803223,
  "total_time": 142.67694997787476,
  "average_epoch_time": 13.967607760429383,
  "final_train_loss": 4.465000687223492,
  "final_val_loss": 4.125881385803223,
  "final_train_perplexity": 87.11656732270212,
  "final_val_perplexity": 61.98298161824544,
  "final_train_accuracy": 0.40437956261027264,
  "final_val_accuracy": 0.46292128556805795
}