{
  "train_loss": [
    9.078943570454916,
    8.509576082229614,
    7.308607085545858,
    6.372929795583089,
    5.833764855066935,
    5.7024281819661455,
    5.6335446039835615,
    5.5217472871144615,
    5.414896615346273,
    5.287731043497721,
    5.1686714808146155,
    5.052307748794556,
    4.952644968032837,
    4.856781609853109,
    4.761423873901367,
    4.677524058024089,
    4.577828152974447,
    4.498182153701782,
    4.423142910003662,
    4.344745731353759,
    4.2700045267740885,
    4.198783747355143,
    4.109661602973938
  ],
  "val_loss": [
    8.780262265886579,
    7.652407782418387,
    6.439343520573208,
    5.72194412776402,
    5.471075057983398,
    5.450500352042062,
    5.378762722015381,
    5.3013690539768765,
    5.225492000579834,
    5.149856703622,
    5.095965998513358,
    5.055784293583462,
    5.0143625395638605,
    4.983869688851493,
    4.9630599703107565,
    4.947712217058454,
    4.92720890045166,
    4.91643932887486,
    4.906697000776019,
    4.900532313755581,
    4.904909746987479,
    4.9008804730006625,
    4.907819066728864
  ],
  "train_perplexity": [
    8768.6953125,
    4962.05810546875,
    1493.095947265625,
    585.7713623046875,
    341.642578125,
    299.5940246582031,
    279.6515808105469,
    250.07156372070312,
    224.72927856445312,
    197.89393615722656,
    175.68130493164062,
    156.38291931152344,
    141.54884338378906,
    128.60960388183594,
    116.91230010986328,
    107.50357055664062,
    97.30281066894531,
    89.85365295410156,
    83.35785675048828,
    77.07243347167969,
    71.52197265625,
    66.60527801513672,
    60.92609405517578
  ],
  "val_perplexity": [
    6504.5810546875,
    2105.709228515625,
    625.9956665039062,
    305.49835205078125,
    237.71560668945312,
    232.87469482421875,
    216.75392150878906,
    200.61129760742188,
    185.95263671875,
    172.40675354003906,
    163.36155700683594,
    156.92755126953125,
    150.5601043701172,
    146.03839111328125,
    143.03079223632812,
    140.85238647460938,
    137.9938201904297,
    136.51568603515625,
    135.19210815429688,
    134.36126708984375,
    134.95071411132812,
    134.40805053710938,
    135.3439483642578
  ],
  "learning_rates": [
    4.9333333333333324e-05,
    0.00010750000000000001,
    0.00018250000000000002,
    0.0002575,
    0.0003325,
    0.00040749999999999993,
    0.0004795,
    0.0004928125,
    0.00048343750000000003,
    0.0004740625,
    0.0004646875,
    0.00045531250000000004,
    0.00044593750000000004,
    0.00043656250000000005,
    0.00042718749999999994,
    0.00041781249999999994,
    0.00040843750000000005,
    0.00039906250000000006,
    0.0003896875,
    0.00038031249999999995,
    0.0003709375,
    0.0003615625,
    0.0003521875
  ],
  "epoch_times": [
    50.2401909828186,
    48.45103693008423,
    48.27104210853577,
    507.26870703697205,
    191.74480295181274,
    47.94755005836487,
    47.981640100479126,
    48.023967266082764,
    622.6093058586121,
    48.2694411277771,
    47.96966910362244,
    1081.2332680225372,
    979.9140877723694,
    48.08889293670654,
    47.967976093292236,
    48.14331603050232,
    996.2013509273529,
    48.06782627105713,
    47.98282289505005,
    1043.6156251430511,
    48.66231298446655,
    48.07201409339905,
    247.94170808792114
  ],
  "memory_usage": [],
  "batch_sizes": [
    24.0,
    24.0,
    24.0,
    24.0,
    24.0,
    24.0,
    24.0,
    24.0,
    24.0,
    24.0,
    24.0,
    24.0,
    24.0,
    24.0,
    24.0,
    24.0,
    24.0,
    24.0,
    24.0,
    24.0,
    24.0,
    24.0,
    24.0
  ]
}